Index,Below Poverty Level,Married,Male,Female,Under 5,Over 4 Under 18
1,,,,,,
2,TRUE,,,,,
3,TRUE,TRUE,TRUE,TRUE,,
4,TRUE,TRUE,TRUE,TRUE,,
5,TRUE,TRUE,TRUE,TRUE,TRUE,FALSE
6,TRUE,TRUE,TRUE,TRUE,TRUE,TRUE
7,TRUE,TRUE,TRUE,TRUE,FALSE,TRUE
8,TRUE,TRUE,TRUE,TRUE,FALSE,FALSE
9,TRUE,FALSE,,,,
10,TRUE,FALSE,TRUE,FALSE,,
11,TRUE,FALSE,TRUE,FALSE,,
12,TRUE,FALSE,TRUE,FALSE,TRUE,FALSE
13,TRUE,FALSE,TRUE,FALSE,TRUE,TRUE
14,TRUE,FALSE,TRUE,FALSE,FALSE,TRUE
15,TRUE,FALSE,TRUE,FALSE,FALSE,FALSE
16,TRUE,FALSE,FALSE,TRUE,,
17,TRUE,FALSE,FALSE,TRUE,,
18,TRUE,FALSE,FALSE,TRUE,TRUE,FALSE
19,TRUE,FALSE,FALSE,TRUE,TRUE,TRUE
20,TRUE,FALSE,FALSE,TRUE,FALSE,TRUE
21,TRUE,FALSE,FALSE,TRUE,FALSE,FALSE
22,FALSE,,,,,
23,FALSE,TRUE,TRUE,TRUE,,
24,FALSE,TRUE,TRUE,TRUE,,
25,FALSE,TRUE,TRUE,TRUE,TRUE,FALSE
26,FALSE,TRUE,TRUE,TRUE,TRUE,TRUE
27,FALSE,TRUE,TRUE,TRUE,FALSE,TRUE
28,FALSE,TRUE,TRUE,TRUE,FALSE,FALSE
29,FALSE,FALSE,,,,
30,FALSE,FALSE,TRUE,FALSE,,
31,FALSE,FALSE,TRUE,FALSE,,
32,FALSE,FALSE,TRUE,FALSE,TRUE,FALSE
33,FALSE,FALSE,TRUE,FALSE,TRUE,TRUE
34,FALSE,FALSE,TRUE,FALSE,FALSE,TRUE
35,FALSE,FALSE,TRUE,FALSE,FALSE,FALSE
36,FALSE,FALSE,FALSE,TRUE,,
37,FALSE,FALSE,FALSE,TRUE,,
38,FALSE,FALSE,FALSE,TRUE,TRUE,FALSE
39,FALSE,FALSE,FALSE,TRUE,TRUE,TRUE
40,FALSE,FALSE,FALSE,TRUE,FALSE,TRUE
41,FALSE,FALSE,FALSE,TRUE,FALSE,FALSE
