Group,Index,Variable,Federal Poverty,Married,Male Parent,Female Parent,Lower Age,Upper Age
B17006,1,B17006_001E,,,,,0,999
B17006,2,B17006_002E,TRUE,,,,0,999
B17006,3,B17006_003E,TRUE,TRUE,TRUE,TRUE,0,999
B17006,4,B17006_004E,TRUE,TRUE,TRUE,TRUE,0,4
B17006,5,B17006_005E,TRUE,TRUE,TRUE,TRUE,5,5
B17006,6,B17006_006E,TRUE,TRUE,TRUE,TRUE,6,17
B17006,7,B17006_007E,TRUE,FALSE,,,0,999
B17006,8,B17006_008E,TRUE,FALSE,TRUE,FALSE,0,999
B17006,9,B17006_009E,TRUE,FALSE,TRUE,FALSE,0,4
B17006,10,B17006_010E,TRUE,FALSE,TRUE,FALSE,5,5
B17006,11,B17006_011E,TRUE,FALSE,TRUE,FALSE,6,17
B17006,12,B17006_012E,TRUE,FALSE,FALSE,TRUE,0,999
B17006,13,B17006_013E,TRUE,FALSE,FALSE,TRUE,0,4
B17006,14,B17006_014E,TRUE,FALSE,FALSE,TRUE,5,5
B17006,15,B17006_015E,TRUE,FALSE,FALSE,TRUE,6,17
B17006,16,B17006_016E,FALSE,,,,0,999
B17006,17,B17006_017E,FALSE,TRUE,TRUE,TRUE,0,999
B17006,18,B17006_018E,FALSE,TRUE,TRUE,TRUE,0,4
B17006,19,B17006_019E,FALSE,TRUE,TRUE,TRUE,5,5
B17006,20,B17006_020E,FALSE,TRUE,TRUE,TRUE,6,17
B17006,21,B17006_021E,FALSE,FALSE,,,0,999
B17006,22,B17006_022E,FALSE,FALSE,TRUE,FALSE,0,999
B17006,23,B17006_023E,FALSE,FALSE,TRUE,FALSE,0,4
B17006,24,B17006_024E,FALSE,FALSE,TRUE,FALSE,5,5
B17006,25,B17006_025E,FALSE,FALSE,TRUE,FALSE,6,17
B17006,26,B17006_026E,FALSE,FALSE,FALSE,TRUE,0,999
B17006,27,B17006_027E,FALSE,FALSE,FALSE,TRUE,0,4
B17006,28,B17006_028E,FALSE,FALSE,FALSE,TRUE,5,5
B17006,29,B17006_029E,FALSE,FALSE,FALSE,TRUE,6,17
